{"temperatura": 19.98787320177653, "presion": 1016.6143703115654, "humedad": 56.35819473834465, "data": "2021-12-13 22:46:04"}