{"temperatura": 19.472692005732096, "presion": 1011.3994464100218, "humedad": 59.48338826980244, "data": "2021-12-16 11:53:04", "presionNeta": -2.3447455042992305}