{"temperatura": 24.670547326194356, "presion": 1015.6548155295327, "humedad": 41.737630995926715, "data": "2021-12-14 17:54:03", "presionNeta": -2.197265395464492}