{"temperatura": 23.680942159338155, "presion": 1008.3145001852207, "humdead": 51.36635567987328, "data": "2021-12-10 22:49:03"}